,feature0,feature1,feature2,date,weather,target,year,month,day,weather_cloudy,weather_rainy,weather_sunny
565,-0.1613735362777791,1.7944488052250736,-0.3981481287500751,2021-02-20,sunny,0.1362734338822591,2021,2,20,0,0,1
300,0.4160996344158233,-0.2009075332009267,-1.2024753082044328,2021-01-28,rainy,-46.20480631708773,2021,1,28,0,1,0
578,-0.0285288698344164,-0.32473026508296,-0.3093775928833613,2021-02-22,sunny,32.31570482206624,2021,2,22,0,0,1
334,0.9304084961111164,-0.1753164023270199,0.4722471500878487,2021-01-31,rainy,54.75578426460488,2021,1,31,0,1,0
898,0.3890021406534791,-0.3394543214647791,-0.1784568148972631,2021-03-22,sunny,-0.7837320631840932,2021,3,22,0,0,1
417,-0.9562584224322828,0.1658635226535373,-0.5319938094111618,2021-02-07,cloudy,-92.4102123377916,2021,2,7,1,0,0
245,0.4662900435501895,1.714831608676043,-0.6161211233234792,2021-01-23,sunny,-72.70833275939523,2021,1,23,0,0,1
41,-1.0585718976053675,-0.50900583859132,-0.3591165950658852,2021-01-04,cloudy,-80.32704526157094,2021,1,4,1,0,0
609,-1.2630683491022754,0.4524890926396464,-0.9327409107943778,2021-02-24,rainy,-147.5705678788707,2021,2,24,0,1,0
276,-1.4108233133803365,0.1649127292546986,0.4050802731844854,2021-01-25,sunny,-40.386436064670896,2021,1,25,0,0,1
880,-0.8299645975379619,1.4111720638896117,-0.4246633024328657,2021-03-21,cloudy,-112.6010963155962,2021,3,21,1,0,0
630,1.6819217400731377,-0.852585847170647,-0.667712720570559,2021-02-26,cloudy,46.6253511205427,2021,2,26,1,0,0
137,-0.5473555742986664,-0.5507994257068402,0.1156650740463465,2021-01-13,sunny,11.849572088283132,2021,1,13,0,0,1
10,0.5898798207345195,-0.3638588099707899,0.7679024077327037,2021-01-01,sunny,121.74670394585696,2021,1,1,0,0,1
447,-2.1150560151878075,1.4053654387244203,1.9223247554443983,2021-02-10,sunny,-55.78840941500087,2021,2,10,0,0,1
765,1.3749640663929898,-1.3322116545945015,0.8952602728899299,2021-03-10,cloudy,160.71209050673116,2021,3,10,1,0,0
965,1.149379383367124,0.2975143539549459,-0.4304619118857929,2021-03-28,sunny,67.20147961504705,2021,3,28,0,0,1
794,-0.1270671628385169,0.8134522451141071,1.0985816482311466,2021-03-13,rainy,37.06448455574403,2021,3,13,0,1,0
575,0.555962679709798,0.8924738873315303,-0.3581140754798567,2021-02-21,cloudy,75.62403323465989,2021,2,21,1,0,0
307,-1.6615982911145637,0.4481952844233124,0.7726948371023817,2021-01-28,cloudy,-75.94211388729937,2021,1,28,1,0,0
77,0.307732574679432,0.1592504683737024,0.2072707469736186,2021-01-07,sunny,50.45905149785453,2021,1,7,0,0,1
700,-0.3820254489503836,0.3595043995710101,-0.1435795117163205,2021-03-05,cloudy,-101.5641025603242,2021,3,5,1,0,0
542,0.4554199909368095,0.2229058196242733,-0.1285875503163606,2021-02-18,cloudy,50.6435704773678,2021,2,18,1,0,0
368,-1.4449401990733717,-1.2105429941233516,1.0819352184772653,2021-02-03,cloudy,-38.035146520513806,2021,2,3,1,0,0
339,1.0061070670975472,-0.0440448973759412,-1.5620143418292662,2021-01-31,sunny,-53.938537800998944,2021,1,31,0,0,1
786,-1.7423561978092306,-1.3032427541123155,-0.3791475628799227,2021-03-12,cloudy,-136.06484046158843,2021,3,12,1,0,0
33,0.6103793791072052,-1.188859257784029,-1.582938397335082,2021-01-03,cloudy,-63.92208613750849,2021,1,3,1,0,0
138,-0.4152313958216571,-0.6736641713091397,-0.4017637421265006,2021-01-13,cloudy,-60.857145410305286,2021,1,13,1,0,0
423,-0.5053583172644099,-0.8157915419939713,0.587259379399826,2021-02-08,cloudy,27.003884014435496,2021,2,8,1,0,0
784,-1.0063655216785503,-0.182904980856951,0.2152404676396114,2021-03-12,cloudy,-88.19080815943892,2021,3,12,1,0,0
606,0.8245572195642364,0.5311783665356953,0.0470660946584936,2021-02-24,rainy,99.25952269559608,2021,2,24,0,1,0
664,-0.2717715664906966,0.2171796326382801,-0.128241974027702,2021-03-01,sunny,-60.78296428803667,2021,3,1,0,0,1
670,-0.5139029502799155,-0.7688491596748099,0.9882405737426968,2021-03-02,cloudy,-29.11730648318565,2021,3,2,1,0,0
164,0.7849575212405001,-0.5543096265713009,-1.139802455426774,2021-01-15,sunny,-29.69604216366009,2021,1,15,0,0,1
358,-1.7974558043668976,-1.0634329381546068,2.211304333239493,2021-02-02,sunny,-25.150633899206667,2021,2,2,0,0,1
552,-0.8096265760401127,0.8733118360704122,0.8591041927855306,2021-02-19,sunny,-23.844252846907622,2021,2,19,0,0,1
577,0.0427797198835668,0.501799753807639,1.4867824740856308,2021-02-21,sunny,86.79962573364095,2021,2,21,0,0,1
144,0.5049947217800111,1.3289607475532237,0.1021783269439707,2021-01-13,rainy,-2.620810957881929,2021,1,13,0,1,0
574,-0.199280054914592,0.6693924713925414,0.4139136701102331,2021-02-21,cloudy,-19.4342474007871,2021,2,21,1,0,0
933,-0.7564935288807483,0.3015140573967662,-0.1452744572047692,2021-03-25,cloudy,-56.416420418604616,2021,3,25,1,0,0
198,0.9008227642090298,-1.5059113515713871,1.6638731244377296,2021-01-18,sunny,127.04985776168428,2021,1,18,0,0,1
557,-1.6169560443108344,-0.0243261243989356,0.640131526097592,2021-02-20,sunny,-118.47193261301663,2021,2,20,0,0,1
800,1.6973464810139491,-0.5666030246377041,-0.2925942071580907,2021-03-14,rainy,41.09002206864194,2021,3,14,0,1,0
134,0.305320755012498,1.02416493277307,-0.8661687990074722,2021-01-13,cloudy,-29.217075635001496,2021,1,13,1,0,0
887,-0.3972718143287976,-0.1328805775869556,-0.637437025552229,2021-03-21,cloudy,66.14154919169994,2021,3,21,1,0,0
666,0.3169426119248496,0.920858823780819,1.1880297923523018,2021-03-01,cloudy,47.94730416342588,2021,3,1,1,0,0
421,0.9361291483110824,0.6783800988404703,1.4261587520192662,2021-02-07,sunny,90.46968668102222,2021,2,7,0,0,1
269,-0.5559850318789673,0.0267383826746369,-1.05747364780153,2021-01-25,sunny,-81.09413668158462,2021,1,25,0,0,1
28,-1.0452533661469547,1.2111452896827009,0.6088438344754508,2021-01-03,sunny,-56.60626973804823,2021,1,3,0,0,1
625,-0.8889713580954499,0.242117960985123,-1.6812182154944335,2021-02-26,cloudy,-194.0546296933417,2021,2,26,1,0,0
39,-0.6585529668050037,-0.5142339659399888,-0.0739246662804151,2021-01-04,sunny,-89.21596379195667,2021,1,4,0,0,1
223,0.2647387577557072,-1.66184836721825,-0.1291534824601138,2021-01-21,cloudy,42.93346193902247,2021,1,21,1,0,0
142,-0.8152756611364586,1.801213990808535,0.597212504403425,2021-01-13,cloudy,-55.24787872898678,2021,1,13,1,0,0
681,1.1320051336773298,-0.5609810031317565,0.193831736928413,2021-03-03,sunny,115.00466256821736,2021,3,3,0,0,1
2,0.4778085626164694,-0.0601378855036852,1.9740999482418995,2021-01-01,cloudy,204.59748555803523,2021,1,1,1,0,0
253,-0.5457119740177824,-1.884585844979448,0.3768765208508927,2021-01-23,rainy,2.9505802323662387,2021,1,23,0,1,0
375,0.4316338528112232,0.5769345970532244,-0.0501074587902928,2021-02-03,rainy,37.50176699803083,2021,2,3,0,1,0
663,0.663258089679174,-1.1046165975264708,0.3481692352418086,2021-03-01,sunny,-2.3634459581674605,2021,3,1,0,0,1
649,0.2860125269781179,0.978567297446043,0.6103917643054128,2021-02-28,sunny,64.36912618812991,2021,2,28,0,0,1
755,0.3209994661848916,-1.3920159165580357,-0.9020719714130848,2021-03-09,sunny,18.67583783745916,2021,3,9,0,0,1
820,0.3191184000862824,0.307264780505591,0.335844721405313,2021-03-15,sunny,49.40679499035596,2021,3,15,0,0,1
714,-1.6528036422528436,1.0659268187168889,0.1746800928981687,2021-03-06,cloudy,-93.25043247370373,2021,3,6,1,0,0
661,0.3140256918206031,0.3728760088524375,-1.5405579718706937,2021-03-01,rainy,-83.94989662830584,2021,3,1,0,1,0
139,0.9444794869904138,-0.9128222254441586,2.383144774863942,2021-01-13,rainy,219.8164129500952,2021,1,13,0,1,0
673,0.9363985435524596,-0.5256405931019397,-0.8877801366359354,2021-03-02,rainy,90.17803581134432,2021,3,2,0,1,0
6,-1.0848560594614451,1.1173053155366646,-1.0455245570694658,2021-01-01,sunny,-72.75570512742225,2021,1,1,0,0,1
642,-1.4543656745987648,0.045758517301446,2.269754623987608,2021-02-27,sunny,37.10543641728755,2021,2,27,0,0,1
420,0.1441064851232318,0.233458079662318,0.7920414984229742,2021-02-07,cloudy,3.641880049069634,2021,2,7,1,0,0
209,-1.7410228083589014,-0.7803044065015394,-0.2916419863518446,2021-01-19,cloudy,-82.24983090742627,2021,1,19,1,0,0
572,1.2023798487844113,-0.3873268174079523,1.2302906807277207,2021-02-21,sunny,100.23755904042608,2021,2,21,0,0,1
632,0.0551713547802317,0.2989774561190176,1.3978962610867354,2021-02-26,cloudy,94.99755727107583,2021,2,26,1,0,0
414,-0.0389053066638067,-0.0445993927255734,0.7271748700204365,2021-02-07,rainy,13.013169462357006,2021,2,7,0,1,0
272,0.2390336012467649,-1.0003303489537054,-0.0493240701475725,2021-01-25,rainy,34.36159245286888,2021,1,25,0,1,0
388,-0.7047002758562337,0.9432607249694948,2.2567234972982093,2021-02-04,sunny,108.12626194428375,2021,2,4,0,0,1
651,-0.1487661522336792,0.09600420496977,0.9967596428198156,2021-02-28,sunny,72.92653203021374,2021,2,28,0,0,1
547,0.1639285724525866,0.0963213559211968,-0.6319037580051673,2021-02-19,sunny,-37.848843771375456,2021,2,19,0,0,1
333,0.599369372522297,-0.2563168936896428,0.2130171674298873,2021-01-30,sunny,162.67942828344212,2021,1,30,0,0,1
174,-0.9301565025243212,-0.1785890920873291,-0.2167314705755386,2021-01-16,cloudy,-65.83087476597103,2021,1,16,1,0,0
273,0.082611032156201,-0.8215345170195275,0.5680073592264201,2021-01-25,cloudy,50.66154262048287,2021,1,25,1,0,0
979,-2.205505355019822,0.4478696641112525,-0.6910198131753685,2021-03-30,sunny,-185.02038198590697,2021,3,30,0,0,1
888,-1.0192511495051295,0.5125622314261223,0.9385851362497682,2021-03-21,sunny,17.76625204402631,2021,3,21,0,0,1
13,0.365591460224636,-1.6677798928842371,-0.5843752753113219,2021-01-02,sunny,25.473754325857417,2021,1,2,0,0,1
20,0.5082991855939731,0.5833680068212987,-1.9434568512868229,2021-01-02,cloudy,-29.82611010211957,2021,1,2,1,0,0
385,0.0782601751616613,-0.3952289826543543,0.8005648034309968,2021-02-04,rainy,58.60556171299764,2021,2,4,0,1,0
716,0.2799245990432382,-0.0981503896429579,-0.7380309092056887,2021-03-06,cloudy,-12.337180097560708,2021,3,6,1,0,0
26,-0.1734638970728791,-0.5100295397556169,1.123905305614439,2021-01-03,rainy,56.34997031506017,2021,1,3,0,1,0
916,0.5053869385773427,0.3592491565134564,2.023471949769974,2021-03-24,sunny,132.58720050074464,2021,3,24,0,0,1
125,1.5116393498843184,1.706468247260989,-0.7995934996704901,2021-01-12,sunny,48.55418820062837,2021,1,12,0,0,1
828,-0.1378391785960938,0.0253856044064589,1.0983035407325124,2021-03-16,rainy,41.524042345671134,2021,3,16,0,1,0
478,-0.9651066080644172,0.6795678657650824,1.4198639721964357,2021-02-13,rainy,20.35877624532728,2021,2,13,0,1,0
47,-0.8622669997532367,0.1606611898197728,0.5023282400747796,2021-01-05,sunny,-102.05472103667076,2021,1,5,0,0,1
910,1.5199948607657727,1.7195893074161943,0.1420618051872356,2021-03-23,sunny,136.3889610050946,2021,3,23,0,0,1
671,-1.1802856063511906,1.012168295174788,-0.2804477814674541,2021-03-02,cloudy,-82.40544292960618,2021,3,2,1,0,0
4,0.1047140294332843,0.2280533251240672,-0.4223148241252707,2021-01-01,cloudy,-34.25300712957124,2021,1,1,1,0,0
457,0.211497012731878,-0.7049213525074449,1.265077838088766,2021-02-11,cloudy,47.70390645032708,2021,2,11,1,0,0
970,0.9623417448143452,0.7708369604049367,0.4573096467208112,2021-03-29,sunny,98.02550111086276,2021,3,29,0,0,1
803,0.4262587307781009,0.6769080350302455,-2.0699850250135325,2021-03-14,sunny,-103.28783634380014,2021,3,14,0,0,1
730,1.1368913626026953,0.0977249677148556,-0.1359497006783208,2021-03-07,sunny,119.7859645589116,2021,3,7,0,0,1
594,1.85710226975586,0.4146742666092209,-0.1740068375080337,2021-02-23,cloudy,113.77541163710389,2021,2,23,1,0,0
571,-1.3109703704412123,-1.532921053430128,-1.1419014192038466,2021-02-21,rainy,-215.94096696844383,2021,2,21,0,1,0
885,-0.1143351598723767,0.7435535155083369,0.0262466178615873,2021-03-21,sunny,-60.6415563054741,2021,3,21,0,0,1
647,0.5765908166149409,-0.2082987555779948,0.6764332949464997,2021-02-28,sunny,167.88697966842648,2021,2,28,0,0,1
672,-0.134822451094354,-0.5840935467949193,-1.62632193782683,2021-03-02,sunny,-87.53164197311281,2021,3,2,0,0,1
340,1.5570100415321602,0.8840271974263262,0.5880377487398128,2021-01-31,sunny,190.3924057027251,2021,1,31,0,0,1
49,0.0037708890862693,0.9318483741143035,0.698457149107336,2021-01-05,cloudy,39.123313521698485,2021,1,5,1,0,0
939,0.8625960113284511,-2.655619092974933,-0.4243176209779015,2021-03-26,sunny,55.5027489856422,2021,3,26,0,0,1
553,-0.0157792171209951,-0.4917301080135276,-0.7083850523381071,2021-02-19,rainy,6.469783116474716,2021,2,19,0,1,0
404,1.7549861537420586,-0.1329884223095919,-1.1401963009349616,2021-02-06,rainy,124.61517208889698,2021,2,6,0,1,0
909,0.8215857120497958,0.0052926462993608,0.3148172045158238,2021-03-23,cloudy,56.87100982333097,2021,3,23,1,0,0
838,1.2729537489199108,-1.6961312668315431,-0.4751751058292485,2021-03-17,sunny,69.15215557922575,2021,3,17,0,0,1
985,-0.2559576692142683,-0.3480463796426194,-0.5946497697204054,2021-03-30,sunny,-56.96849067876927,2021,3,30,0,0,1
901,-0.8174930976162265,-1.4013472930393105,1.3290628465396823,2021-03-23,cloudy,-17.348132162727858,2021,3,23,1,0,0
167,-0.3432350544551033,0.0707740759006513,0.7312936208403685,2021-01-16,sunny,2.419759547856316,2021,1,16,0,0,1
766,-0.3698011663038032,0.9725357891425368,0.2395827598563913,2021-03-10,cloudy,-29.26067246998158,2021,3,10,1,0,0
188,0.4627822555257742,-0.9072983643832422,-1.6301983469660446,2021-01-17,sunny,-25.12428687839984,2021,1,17,0,0,1
416,1.0339569868127836,1.9093426255571089,0.3036564735262783,2021-02-07,sunny,27.520739300026943,2021,2,7,0,0,1
819,1.0770374729475365,-0.2248265612701514,-0.4324319785784447,2021-03-15,sunny,96.6399371236819,2021,3,15,0,0,1
847,0.025405208385016,1.1541840304940192,-0.5352701645328445,2021-03-18,cloudy,-97.86979871847264,2021,3,18,1,0,0
708,0.4228185746766614,-3.116856591599126,0.7088595753671403,2021-03-05,sunny,76.49098377839506,2021,3,5,0,0,1
772,1.6815767162673276,-0.7922866618061449,-1.0068317522989838,2021-03-11,sunny,62.78211321715949,2021,3,11,0,0,1
868,-0.3119761079162129,-0.8402903954793065,-1.3780834670640771,2021-03-20,rainy,-98.3132177632852,2021,3,20,0,1,0
48,1.5692596145359043,0.690429024383049,0.0122319836388173,2021-01-05,rainy,84.62833376159769,2021,1,5,0,1,0
65,0.3270662091210221,1.6315974275322715,0.8326507394644783,2021-01-06,cloudy,78.85429468461584,2021,1,6,1,0,0
346,0.2461477886848441,0.8635196583813146,0.5289436184165822,2021-02-01,sunny,59.72759294306423,2021,2,1,0,0,1
412,0.7316589270303925,-0.0654883751444829,-0.0902438496657506,2021-02-07,rainy,101.48751147875186,2021,2,7,0,1,0
690,1.0726360472588732,-1.138567870315477,-0.1495895016669949,2021-03-04,cloudy,51.74518222355289,2021,3,4,1,0,0
539,-1.9536785626194064,0.2957790885068872,-1.3897810188962068,2021-02-18,cloudy,-169.52113315319568,2021,2,18,1,0,0
44,0.93874687568231,0.6071116719160459,0.0875314709216708,2021-01-04,sunny,44.00546497080782,2021,1,4,0,0,1
900,0.2386815709318353,-0.1162224395377518,-0.3641698089157559,2021-03-23,cloudy,11.208163933427723,2021,3,23,1,0,0
251,-0.6429525533528905,0.1501152270061292,0.278081047967944,2021-01-23,sunny,-6.25466869876335,2021,1,23,0,0,1
517,-0.4479148384155402,-0.1987150616707986,-0.2043389369030472,2021-02-16,cloudy,-16.346336635937682,2021,2,16,1,0,0
347,1.2228774470534098,-2.086510028855188,-1.2557748817415015,2021-02-01,cloudy,-7.630690871818977,2021,2,1,1,0,0
58,0.4195241084261415,0.9244340219585094,-0.084223296527394,2021-01-06,cloudy,8.73703525964299,2021,1,6,1,0,0
36,-0.6758916940010166,-0.413217028351808,-1.007909803283898,2021-01-04,rainy,-142.8735659747009,2021,1,4,0,1,0
884,0.4683852342770516,1.7358789976857132,-0.6579510447611686,2021-03-21,sunny,-20.084126095604358,2021,3,21,0,0,1
1,-0.3076912773670017,0.2690240731762466,-0.5664398537322193,2021-01-01,sunny,-147.974545241044,2021,1,1,0,0,1
971,-0.7786754726576129,-1.6853821048712272,-0.2450817555768555,2021-03-29,cloudy,-154.47458809365995,2021,3,29,1,0,0
839,1.0941669914439438,-1.0942409530350914,1.0799312171425357,2021-03-17,cloudy,162.53755715528584,2021,3,17,1,0,0
756,0.8188393725993478,0.1404959074394759,-0.8185041405936757,2021-03-10,sunny,-22.72256461859697,2021,3,10,0,0,1
351,-0.206974474923664,-0.5633093592639145,0.6966506543362647,2021-02-01,sunny,0.8430237105046423,2021,2,1,0,0,1
676,-0.2165328718498284,-0.7842213825343839,-1.519974459585868,2021-03-02,cloudy,-148.24010470102843,2021,3,2,1,0,0
17,2.339624806020058,-0.2764328450158372,0.0451340154320102,2021-01-02,sunny,155.719661899099,2021,1,2,0,0,1
379,1.0946383747120914,0.2348215259487319,-0.7886692545093662,2021-02-04,cloudy,49.71530735736603,2021,2,4,1,0,0
793,0.3062033963037085,0.3636978927133631,0.4990842756717665,2021-03-13,cloudy,14.94120844600279,2021,3,13,1,0,0
544,-0.1632549488331787,-0.0864552827110471,0.9494055237932189,2021-02-18,sunny,46.23093561804166,2021,2,18,0,0,1
852,-0.1977874516727299,-0.8377762593852057,0.8982406224036156,2021-03-18,sunny,33.53256918588547,2021,3,18,0,0,1
177,-0.0903820072769468,1.3675972398067135,1.3599485416794843,2021-01-16,sunny,66.16289257588755,2021,1,16,0,0,1
267,-0.2195410283312132,-1.0840366206719343,0.4390429576720425,2021-01-25,cloudy,-25.635241648319653,2021,1,25,1,0,0
616,-0.4707424981827272,0.2727963895302641,0.1834502535815763,2021-02-25,cloudy,-19.65316094942508,2021,2,25,1,0,0
462,0.681594518281627,-0.8034096641738411,-1.034242841784465,2021-02-11,rainy,-24.17576672206956,2021,2,11,0,1,0
332,-1.0299352833089763,-0.3499433645891047,0.2205076557571733,2021-01-30,cloudy,-46.84149742244695,2021,1,30,1,0,0
15,0.8783037577325304,0.0864525240075934,-0.8869043262838756,2021-01-02,cloudy,7.611747774567468,2021,1,2,1,0,0
153,-1.6413486088230291,-0.1550358081183258,1.390533967073938,2021-01-14,cloudy,-36.31246759490805,2021,1,14,1,0,0
558,0.9361075501096976,0.8091802968531627,-0.4802490349949254,2021-02-20,sunny,57.08165255335126,2021,2,20,0,0,1
879,0.1834286466675247,0.2879154322152784,0.7794605312590615,2021-03-21,sunny,3.78224087906365,2021,3,21,0,0,1
3,-0.603839552796151,-1.1495540632571182,-1.1884244215830193,2021-01-01,cloudy,-119.53589224143434,2021,1,1,1,0,0
367,0.9719702938655757,-1.1932578334740391,-0.590757152909962,2021-02-03,sunny,41.34756562320946,2021,2,3,0,0,1
426,-0.9906709306271492,-1.002668587369791,2.198296338670493,2021-02-08,sunny,31.962215563046087,2021,2,8,0,0,1
987,0.2098494779230553,-1.2406245995562275,-0.660608593976992,2021-03-30,sunny,-1.8903339122206333,2021,3,30,0,0,1
883,-0.0059274058332318,1.3660600684033315,0.2103593666298129,2021-03-21,cloudy,-123.87799410639676,2021,3,21,1,0,0
264,0.1319117557874122,-1.98056559106894,-0.9489328108497634,2021-01-24,cloudy,46.18241205884485,2021,1,24,1,0,0
824,-1.7913275480411837,-0.0585865511338608,-0.3650552165462576,2021-03-16,cloudy,-216.60113797893217,2021,3,16,1,0,0
182,0.4909710551819796,0.8655251906712624,-0.4490371414469655,2021-01-17,cloudy,-13.778091584867884,2021,1,17,1,0,0
59,-0.0111456118418412,0.0114988998700623,0.0229597556079514,2021-01-06,rainy,-9.02827017722018,2021,1,6,0,1,0
175,0.1390641503046825,-0.8576702045753997,1.6292757699588616,2021-01-16,sunny,121.544866867862,2021,1,16,0,0,1
128,0.317218215191302,0.7863279621089762,0.910178908092592,2021-01-12,sunny,3.1910348376575115,2021,1,12,0,0,1
450,0.3178850972381816,0.4348079577311579,0.5342011708457715,2021-02-10,cloudy,80.93754529082426,2021,2,10,1,0,0
804,1.0415683888185818,-0.0392679910379531,0.1546688336463322,2021-03-14,sunny,130.03371784157247,2021,3,14,0,0,1
431,2.0347625440211536,1.0541779089389227,-0.3386821854453976,2021-02-08,sunny,64.29185848194395,2021,2,8,0,0,1
762,0.498726958311932,-0.7379317802412299,0.1463044460010442,2021-03-10,sunny,53.46409826287552,2021,3,10,0,0,1
504,-1.6480462063661798,0.2987136599920089,1.6857923026593036,2021-02-15,sunny,-11.3189996719564,2021,2,15,0,0,1
411,-0.448165362680708,-0.6493379277303881,0.097896145412627,2021-02-06,rainy,-89.52410587998484,2021,2,6,0,1,0
660,1.250569832543435,-0.2345380349087504,-1.0124571527438062,2021-03-01,sunny,13.596684441024362,2021,3,1,0,0,1
618,-0.2585726316767712,0.3083312459593452,1.5927707544174836,2021-02-25,sunny,6.41775899860113,2021,2,25,0,0,1
487,-0.3994490292628752,0.3700558878475187,0.5829536797532936,2021-02-13,sunny,-6.173063675557104,2021,2,13,0,0,1
787,0.1216750164928284,0.4438632327454256,0.7610377251469934,2021-03-12,rainy,56.60202644605093,2021,3,12,0,1,0
531,-0.4832495424791074,0.00257118243151,0.4113342428976086,2021-02-17,cloudy,-33.500393829172204,2021,2,17,1,0,0
590,-1.1711903354341404,0.5917269751515682,-1.245658132865597,2021-02-23,sunny,-122.4659098026817,2021,2,23,0,0,1
62,0.8313510579847683,0.4879726826630046,-0.9681860639071048,2021-01-06,sunny,-25.72014327330404,2021,1,6,0,0,1
952,-0.1016972745548716,0.0192793845130772,-1.1029062129553695,2021-03-27,sunny,-79.37768432699806,2021,3,27,0,0,1
383,-0.0483446237798196,-0.6081012569516899,1.329141282745553,2021-02-04,rainy,47.54422975524558,2021,2,4,0,1,0
932,-0.1105406572324726,1.0201727117157997,2.0644928613593194,2021-03-25,sunny,58.91215266107082,2021,3,25,0,0,1
675,-0.0464811560328903,-0.4335543327331675,0.4614688774411399,2021-03-02,rainy,15.063552127884265,2021,3,2,0,1,0
727,-0.5232509433848951,1.021224743167163,-0.4802420417382233,2021-03-07,cloudy,-129.60342638115375,2021,3,7,1,0,0
219,-0.653284701927889,0.0785140251741762,-0.6296504269401813,2021-01-20,sunny,-66.78135704028699,2021,1,20,0,0,1
194,0.0745864065435535,-1.0770990694039948,-0.898942156465536,2021-01-18,sunny,-130.21798971809875,2021,1,18,0,0,1
224,1.6264314909922573,1.2926460210124688,0.9903228106559456,2021-01-21,cloudy,210.8639398904052,2021,1,21,1,0,0
871,0.7035855546433883,0.9291451477686912,-0.4808453408727291,2021-03-20,sunny,-17.56312803323847,2021,3,20,0,0,1
85,1.3264616423656934,-0.964606424206264,-1.794229271489721,2021-01-08,sunny,-51.29488732230206,2021,1,8,0,0,1
470,-1.0677420110191065,1.761266127419863,-1.3730425509508952,2021-02-12,sunny,-187.2609948585052,2021,2,12,0,0,1
372,-1.82425665593783,0.3036039044620014,0.7200337593416528,2021-02-03,rainy,-87.63889324608336,2021,2,3,0,1,0
940,-1.3707599825430603,0.8656529228158533,0.3087512418366131,2021-03-26,cloudy,-15.522269288439958,2021,3,26,1,0,0
443,1.4013448312919596,-0.4103817936578706,0.2444434559616325,2021-02-09,sunny,121.52236655727351,2021,2,9,0,0,1
84,-1.3094121463310142,0.8178618311849958,-1.4828833575740423,2021-01-08,cloudy,-101.582265355697,2021,1,8,1,0,0
120,-0.0940624503626036,0.3975652156174661,-0.2507566767601495,2021-01-11,sunny,-76.54835810879021,2021,1,11,0,0,1
937,0.0954118758268668,2.337409661478276,-1.1129058948716162,2021-03-26,cloudy,-95.26491038932136,2021,3,26,1,0,0
655,0.917221542115856,-0.0570428676621881,-0.2934850548893775,2021-02-28,sunny,81.27572469981166,2021,2,28,0,0,1
829,0.2745163577239395,-0.8909150829955279,-0.8129929885540773,2021-03-16,sunny,-22.118446018899032,2021,3,16,0,0,1
946,1.0996595958871132,0.6552637307225978,-0.2393791775759264,2021-03-27,sunny,17.561285440966117,2021,3,27,0,0,1
235,0.5410082199598076,-0.0851156025194057,-1.3177173431407654,2021-01-22,cloudy,-70.65405272398266,2021,1,22,1,0,0
54,-1.0956712289725123,-1.09289660632603,0.9219348042245776,2021-01-05,rainy,-3.7616802683204256,2021,1,5,0,1,0
740,-0.1124437560192882,0.8978641732031214,-1.3817450094949852,2021-03-08,sunny,-28.43191791371956,2021,3,8,0,0,1
241,0.5640085350738091,-1.2845522979925272,-2.245321648371402,2021-01-22,sunny,-75.81412859399961,2021,1,22,0,0,1
728,-0.6600563201340829,0.175818953296028,-1.96862468978602,2021-03-07,rainy,-190.25529899873231,2021,3,7,0,1,0
165,-0.3595531615405413,-0.813146282044454,-0.672460447775951,2021-01-15,sunny,-84.64781080810252,2021,1,15,0,0,1
200,-0.5969171117831944,-0.2229591829703794,0.658802141691513,2021-01-19,sunny,-12.5276515546757,2021,1,19,0,0,1
254,0.544144752358008,0.4472120874548315,0.9541895808987648,2021-01-23,sunny,136.34760212664753,2021,1,23,0,0,1
926,-0.0028761026590009,-0.0365972929162469,0.2872573124667927,2021-03-25,sunny,12.412546769393764,2021,3,25,0,0,1
692,-1.1436413958418497,1.144553535284558,-0.1866909221146099,2021-03-04,rainy,-52.06468246075883,2021,3,4,0,1,0
816,0.9836361957891796,-0.085614954230497,2.19089801323984,2021-03-15,cloudy,220.8762277492331,2021,3,15,1,0,0
836,0.7519465876771957,0.5629897185861278,0.0859519734343846,2021-03-17,cloudy,17.95867868792903,2021,3,17,1,0,0
886,0.3300351145103116,2.225944331738259,0.3269625954044574,2021-03-21,sunny,82.05926119306447,2021,3,21,0,0,1
833,-0.4063031304450625,-0.8640449911023695,-0.3067657760270045,2021-03-16,sunny,-118.57787862457845,2021,3,16,0,0,1
657,-0.3965237390163177,-0.8563028269952513,-0.9401565918724069,2021-03-01,sunny,-63.64076609795495,2021,3,1,0,0,1
154,1.5309323510288246,0.0924477354698085,0.0425390740297907,2021-01-14,sunny,146.18425559436338,2021,1,14,0,0,1
315,-1.0331647752913673,0.1023358468342198,-2.1481184782308977,2021-01-29,cloudy,-129.32489699251522,2021,1,29,1,0,0
216,0.7538656835623008,-0.8881882110855133,0.4732905949147994,2021-01-20,cloudy,109.81102369722824,2021,1,20,1,0,0
775,-0.4885662207546257,0.3327982174044547,-0.3212589370580095,2021-03-11,cloudy,-7.374473376214809,2021,3,11,1,0,0
928,0.6081564276006415,1.1149623229474022,0.3019892103575529,2021-03-25,sunny,109.72151560710884,2021,3,25,0,0,1
464,0.3171606262926887,0.5200406145708678,-2.3205942757907416,2021-02-11,rainy,-101.3398383112967,2021,2,11,0,1,0
302,-0.4012347099111824,-0.8000824760846013,-0.9872866934576524,2021-01-28,sunny,-79.865626312801,2021,1,28,0,0,1
35,1.0122605100653357,-1.527631948178774,-0.745023216807689,2021-01-04,rainy,-0.9769902472119868,2021,1,4,0,1,0
938,0.9237965603139467,-0.132568014653718,0.4608144771488305,2021-03-26,cloudy,167.00105861537412,2021,3,26,1,0,0
911,0.5426107834987963,0.7159388934369917,0.6354245265539955,2021-03-23,rainy,75.26451674748682,2021,3,23,0,1,0
768,-0.6313759884493888,-0.2413377914531045,1.0813760344581895,2021-03-11,sunny,33.34117055762186,2021,3,11,0,0,1
178,0.1048278028272145,-0.9932572174375524,1.1279566249333806,2021-01-17,sunny,54.79377446469937,2021,1,17,0,0,1
195,-1.5914478754580317,0.0032222164431556,0.6089623416545242,2021-01-18,sunny,-33.16288700153751,2021,1,18,0,0,1
111,-1.4465778900358943,-1.582685641802789,1.7367749569767108,2021-01-10,rainy,-12.578497420331493,2021,1,10,0,1,0
183,-0.9402702359572048,-0.6599427051023377,1.561279598955807,2021-01-17,sunny,51.26295174194552,2021,1,17,0,0,1
751,-1.29636038827543,-0.0930241444442232,0.35026591956203,2021-03-09,rainy,-122.80439880907966,2021,3,9,0,1,0
677,0.8145198224878663,0.0589255891816299,0.355481792743769,2021-03-02,sunny,46.78347981672525,2021,3,2,0,0,1
53,0.4683049076895917,0.1127379412357372,2.1531197925705827,2021-01-05,sunny,151.45445516518922,2021,1,5,0,0,1
530,0.0858431053424519,-0.4939267070859207,0.5122667268259818,2021-02-17,cloudy,65.7542219869183,2021,2,17,1,0,0
528,0.5310425069780597,0.239145580653787,0.2066905117080033,2021-02-17,sunny,52.70466056046072,2021,2,17,0,0,1
641,-0.0298561216363662,-0.1181707843665918,0.9106456722299704,2021-02-27,cloudy,32.288211427139906,2021,2,27,1,0,0
419,-0.4961023339825623,-0.074804982680341,0.8299861590811032,2021-02-07,sunny,51.4066512290461,2021,2,7,0,0,1
363,-0.8602624519575188,0.3283012950007554,-1.0481704068254731,2021-02-02,sunny,-121.44318912738302,2021,2,2,0,0,1
809,1.4498475253612189,-0.8814470664684638,1.2341440357800617,2021-03-14,sunny,143.16305025017303,2021,3,14,0,0,1
617,-0.0150050870313648,-0.1134116306427339,-0.2114382908455566,2021-02-25,cloudy,-3.855293573392613,2021,2,25,1,0,0
521,-0.2125230447703092,-0.7621145119224981,0.059894683116276,2021-02-16,sunny,-7.067710043001131,2021,2,16,0,0,1
738,-0.7306777528648248,-0.3848798091812754,-1.1268258087567435,2021-03-08,sunny,-153.72298715254777,2021,3,8,0,0,1
391,0.0246121252479116,0.7199837301431654,0.7231004937377982,2021-02-05,cloudy,32.20173017279234,2021,2,5,1,0,0
228,-0.0400187253516329,-1.2597873434052702,0.4178537032173259,2021-01-21,rainy,9.037810742493864,2021,1,21,0,1,0
687,-0.0698564982561842,0.2501139068831255,0.2601329049387677,2021-03-03,sunny,-19.833299537651374,2021,3,3,0,0,1
231,0.319649783134073,-0.4098545384398195,0.731551581862154,2021-01-21,cloudy,18.64819149905644,2021,1,21,1,0,0
567,3.17097477329018,0.1894996375479134,1.0490931879200105,2021-02-21,sunny,319.0591992451282,2021,2,21,0,0,1
619,-2.011880319244709,0.5897036055747239,-0.5937774477786675,2021-02-25,sunny,-204.20936314437287,2021,2,25,0,0,1
581,1.6085221559487235,-0.5615787496032209,-0.9526449528153876,2021-02-22,sunny,127.19938197024572,2021,2,22,0,0,1
472,-0.1424454175093693,-0.2003534800049874,0.5383296032761768,2021-02-12,cloudy,-18.00232586252571,2021,2,12,1,0,0
851,-0.6023318535828621,0.9214083978105811,-1.014825907734441,2021-03-18,cloudy,-139.61319685657395,2021,3,18,1,0,0
199,-1.40556004739189,-0.3497821801115369,0.1315739679080687,2021-01-18,sunny,-98.24248446073952,2021,1,18,0,0,1
11,1.8675579901499677,-0.977277879876411,2.240893199201458,2021-01-01,sunny,276.9050163327453,2021,1,1,0,0,1
201,-0.3759599659712591,-2.3721938715130158,-0.7393953025101954,2021-01-19,cloudy,-57.80501906677992,2021,1,19,1,0,0
596,0.0400714565477754,-0.3277549172964167,-2.0866349794205425,2021-02-23,cloudy,-51.21668972743713,2021,2,23,1,0,0
361,1.2605688450421493,-0.100393503401366,0.5319746390071913,2021-02-02,cloudy,66.25418994462228,2021,2,2,1,0,0
336,0.7644974530335336,-0.2683727352093812,-1.1711604614500803,2021-01-31,rainy,-3.115510617984661,2021,1,31,0,1,0
187,0.5434534395827254,0.1399884673868593,0.022212664516484,2021-01-17,cloudy,69.2936078133492,2021,1,17,1,0,0
923,-2.77259275642665,1.9559123082506944,0.3990463456401302,2021-03-25,rainy,-189.3020633477161,2021,3,25,0,1,0
614,-0.7663275989635832,1.2815113403641332,-1.3693911240471572,2021-02-25,sunny,-193.3247290080476,2021,2,25,0,0,1
192,1.0963468456657983,-0.2342158013445365,-0.0342422805319538,2021-01-18,rainy,122.31452523903474,2021,1,18,0,1,0
409,0.565267202536451,-1.7997711814667443,1.4977150273195634,2021-02-06,cloudy,145.27918644164302,2021,2,6,1,0,0
799,2.6429357210147417,0.540123026400494,-0.9196506900626618,2021-03-13,sunny,151.8468677667978,2021,3,13,0,0,1
123,0.6845011068591904,0.3708250012811021,1.7327211869191332,2021-01-12,sunny,143.28047324764114,2021,1,12,0,0,1
767,-0.8436156065359265,0.6500419730507697,-0.0500826414645354,2021-03-11,sunny,-29.65019048958068,2021,3,11,0,0,1
460,0.8805111991771105,-0.4540803625156051,0.1914508720239117,2021-02-11,cloudy,75.68264996387133,2021,2,11,1,0,0
445,0.6252314510271875,-1.6020576556067476,-2.223403152224426,2021-02-10,cloudy,-131.9018707906281,2021,2,10,1,0,0
98,0.595423156763723,0.4448534381865086,0.5507886141027314,2021-01-09,sunny,102.73518682930025,2021,1,9,0,0,1
136,-0.4796558140079476,0.6203582983435125,-0.4779740040404867,2021-01-13,cloudy,6.700528776870854,2021,1,13,1,0,0
980,2.488441614331128,1.6959695330141693,1.4263168607870274,2021-03-30,sunny,290.8044615209492,2021,3,30,0,0,1
737,-1.3948401928346434,0.795549551769407,0.273729449524724,2021-03-08,sunny,-126.84854494182729,2021,3,8,0,0,1
212,1.1035037667283756,-0.575255994806118,-1.1690957473220271,2021-01-20,sunny,72.99439629810318,2021,1,20,0,0,1
294,0.2238435633129107,0.329622982127738,0.4047618120404975,2021-01-27,cloudy,90.59606233690668,2021,1,27,1,0,0
407,1.7133427216493666,-0.7447548220484399,-0.0682416053246312,2021-02-06,sunny,80.84121771438818,2021,2,6,0,0,1
42,-1.6324233020679833,-0.0671341546145217,-0.3175430939301992,2021-01-04,rainy,-119.10849055735802,2021,1,4,0,1,0
256,0.7010413411650971,-0.417477349885034,1.0156652815421012,2021-01-24,cloudy,110.1791572987643,2021,1,24,1,0,0
654,2.2320163895251777,-0.1049797010189535,0.0275097020298358,2021-02-28,sunny,159.07793620023003,2021,2,28,0,0,1
986,1.5522431800485608,0.2869044880033464,-0.6006575576577885,2021-03-30,sunny,42.16115963956688,2021,3,30,0,0,1
162,1.0097118548117143,-1.0053118723488588,0.3843234052112453,2021-01-15,sunny,138.90042486199016,2021,1,15,0,0,1
503,-0.3741263202643058,-0.0134514693573896,0.1521769755882663,2021-02-15,sunny,-98.43162040811154,2021,2,15,0,0,1
491,-1.4166034824256406,-2.802202798391713,1.660607559894514,2021-02-14,rainy,-13.304568368206745,2021,2,14,0,1,0
449,-0.5286706589354886,-0.1080038367809579,0.4563633634807854,2021-02-10,sunny,49.23360659532912,2021,2,10,0,0,1
118,-0.65240858238702,-0.3909533751876011,0.3900933226879264,2021-01-11,sunny,-48.40731860945394,2021,1,11,0,0,1
95,-0.0820341531454841,-0.9571580982754104,0.0189221038821947,2021-01-09,sunny,-27.03459502141365,2021,1,9,0,0,1
982,-1.6606998118692633,0.1151478731400921,-0.1104894050659278,2021-03-30,sunny,-161.1488941649965,2021,3,30,0,0,1
119,1.4121516982986309,-1.3804307523072692,-0.923912015810002,2021-01-11,sunny,122.40213051923952,2021,1,11,0,0,1
260,-1.0994007905841945,0.298238174206056,0.3764255311556294,2021-01-24,sunny,-36.14658535961103,2021,1,24,0,0,1
733,0.1813384292178212,-0.5028167006425383,-0.4391895218021479,2021-03-07,cloudy,-27.715579337845902,2021,3,7,1,0,0
215,-0.0357427335481734,0.3360157426619921,0.777604137902912,2021-01-20,rainy,97.21071730079102,2021,1,20,0,1,0
897,0.9367424635352573,1.412327706037443,-0.8887202573536308,2021-03-22,sunny,40.57958544444335,2021,3,22,0,0,1
152,-0.4034591834208012,-1.8300285504278104,-0.4122717546045429,2021-01-14,sunny,-145.74273272828032,2021,1,14,0,0,1
962,-0.5475181006794317,0.6659671460695378,-1.1094775536361452,2021-03-28,sunny,-111.54639582275207,2021,3,28,0,0,1
556,-1.1504377698185095,-0.836111379500769,-1.0219133244269285,2021-02-20,rainy,-143.6985323615925,2021,2,20,0,1,0
624,-0.80385040403152,-0.7742950804868045,-1.3003468322183391,2021-02-26,rainy,-138.5029481340431,2021,2,26,0,1,0
121,-0.0832883956999633,1.602863629377136,-0.6783298378739697,2021-01-11,cloudy,-81.02243727389612,2021,1,11,1,0,0
944,1.714051469770732,-0.7679485917368151,0.037996013453515,2021-03-26,sunny,109.61206431177608,2021,3,26,0,0,1
990,-1.0043227122146134,-0.998191728231864,-0.7667048545369003,2021-03-31,cloudy,-80.39237076855787,2021,3,31,1,0,0
948,1.1285940645145685,0.4960009463439622,-0.8824188185499185,2021-03-27,sunny,82.00816021589323,2021,3,27,0,0,1
270,-1.5096616060682988,-0.2773913917431098,0.7790512201329916,2021-01-25,rainy,-126.94487959832456,2021,1,25,0,1,0
769,1.0085972868601036,0.5275973827743159,1.6142495472802274,2021-03-11,cloudy,151.0815620445607,2021,3,11,1,0,0
83,-0.6780954607862469,0.7539914669784796,-0.206944710557291,2021-01-08,sunny,-69.71037942243814,2021,1,8,0,0,1
694,-0.3416780975958806,0.0242909141377803,0.1841812647035463,2021-03-04,sunny,-80.81107609662912,2021,3,4,0,0,1
734,-0.898321971432016,0.8020517387405159,-0.9831181837457076,2021-03-08,cloudy,-191.5815751065191,2021,3,8,1,0,0
289,-1.9986394755833727,-1.1460004265074433,-0.289005210954233,2021-01-27,sunny,-176.13809452478793,2021,1,27,0,0,1
533,0.218397073129937,-0.3441964564673812,0.442846113746739,2021-02-17,sunny,59.77594718544577,2021,2,17,0,0,1
310,-0.5098432421384791,0.324869615796186,1.3709890062911214,2021-01-28,sunny,122.45670906130138,2021,1,28,0,0,1
477,0.6663830820319143,-0.4607197873885533,-0.6801782039968504,2021-02-12,rainy,-64.09573884721598,2021,2,12,0,1,0
899,0.8246182196384677,-1.3128496745497915,-0.1837557302499922,2021-03-22,cloudy,87.07275046240599,2021,3,22,1,0,0
744,0.5048154563405017,1.3031809616484324,-0.6516562090577808,2021-03-08,cloudy,-56.08666609402335,2021,3,8,1,0,0
140,-0.1306203959951194,1.4006890344430014,-1.0834266602642797,2021-01-13,cloudy,-48.78974965460012,2021,1,13,1,0,0
298,-1.2928569097234486,0.2670508693491829,1.5430145954067358,2021-01-27,cloudy,31.268521815527777,2021,1,27,1,0,0
433,0.7747283190671621,-1.8081439264982515,-0.5109261812322631,2021-02-08,cloudy,23.335714190494123,2021,2,8,1,0,0
151,0.6289995874568216,0.3140338436471455,0.2349771928890519,2021-01-14,cloudy,132.76359923298062,2021,1,14,1,0,0
805,1.2248705641936597,0.0648561063435761,0.4014990550902875,2021-03-14,sunny,85.28272983572587,2021,3,14,0,0,1
842,-2.36417381714118,0.0203341817052432,1.2978457906510987,2021-03-17,cloudy,-61.55490399810767,2021,3,17,1,0,0
435,1.1363880775397397,0.6716165720359097,0.5858508058179356,2021-02-09,cloudy,110.87171824019708,2021,2,9,1,0,0
882,-0.5211893123011109,-1.8430695501566483,-0.6522935999350191,2021-03-21,sunny,-70.44233065693835,2021,3,21,0,0,1
362,0.0318305582743511,-0.635846078378881,-0.6743326606573761,2021-02-02,cloudy,-75.57689340254151,2021,2,2,1,0,0
463,-0.9994300165615204,0.7938803623083801,-0.3424921902504429,2021-02-11,sunny,-86.94367089154788,2021,2,11,0,0,1
393,1.9050636405600176,-0.0147772196598447,0.9921368285185058,2021-02-05,sunny,237.30539880004665,2021,2,5,0,0,1
631,-0.1748233716177669,0.6799440061159555,-1.4064596551036312,2021-02-26,sunny,-92.55754604873546,2021,2,26,0,0,1
975,0.4347888054610397,-0.2049605517302959,0.6498296346799787,2021-03-29,sunny,84.06100233417914,2021,3,29,0,0,1
268,-0.3961231977514495,2.2542836988049624,-2.1630976483961257,2021-01-25,rainy,-169.2493364766964,2021,1,25,0,1,0
635,-0.5102927396336285,0.1839254943403099,-0.3868708468506465,2021-02-27,cloudy,-39.8409172127336,2021,2,27,1,0,0
279,-2.0473236130579617,-1.2266216593966155,1.0304382674156047,2021-01-26,sunny,-64.95516097273588,2021,1,26,0,0,1
595,-0.2226056809483204,-0.9130792180417964,1.7426687806556311,2021-02-23,sunny,86.567818744404,2021,2,23,0,0,1
796,-0.1377792142857706,-0.9571474731510168,0.3194318333315306,2021-03-13,cloudy,47.54116148768582,2021,3,13,1,0,0
479,-0.0552589957296524,-1.5003283759785706,0.886293194621468,2021-02-13,sunny,50.08195603211278,2021,2,13,0,0,1
448,1.8004627624602276,-1.1951037734634755,0.9266047683086054,2021-02-10,rainy,212.23967660616327,2021,2,10,0,1,0
715,-0.8244091213278346,0.4225803722728827,1.6180542690002255,2021-03-06,sunny,57.99828025981138,2021,3,6,0,0,1
757,1.658130679618188,-0.1181640451285697,-1.3065268517353166,2021-03-10,sunny,41.37888285155352,2021,3,10,0,0,1
230,0.5711098221298226,-0.5436940296827768,1.6184593242319745,2021-01-21,sunny,211.54590347403663,2021,1,21,0,0,1
568,-1.2527953600499262,0.7774903558319101,-0.4380743016111864,2021-02-21,cloudy,-117.45136022446349,2021,2,21,1,0,0
942,0.5934659196032391,0.0101855187120734,0.0410822261438795,2021-03-26,cloudy,57.41429461454116,2021,3,26,1,0,0
233,-1.5776070685393473,-0.3405600349378623,-0.6621914435304808,2021-01-21,rainy,-90.67270375987071,2021,1,21,0,1,0
908,-1.3533888581477134,-1.0326431018921296,-0.3479618559208458,2021-03-23,cloudy,-164.35028880586816,2021,3,23,1,0,0
742,-0.6757031433716509,-1.3705719179606883,0.1118723968962983,2021-03-08,cloudy,-68.78819411451977,2021,3,8,1,0,0
311,-1.3651628772251687,1.9470986428203576,0.8756956787795067,2021-01-28,cloudy,0.5414022744360238,2021,1,28,1,0,0
91,0.9693967081580112,-1.17312340511416,-1.2704849984857336,2021-01-09,rainy,-34.63483352634338,2021,1,9,0,1,0
461,0.6663545422501889,0.8261257084311929,1.2266639737874805,2021-02-11,cloudy,150.0944515515891,2021,2,11,1,0,0
707,-0.3701641645137025,-0.9592553926405882,-0.438474458034606,2021-03-05,sunny,-88.70618809738897,2021,3,5,0,0,1
446,-0.53913263675299,-0.7496903447028966,0.7557402888945426,2021-02-10,sunny,-18.40919655110818,2021,2,10,0,0,1
88,-0.3362738590855785,1.5237711976170534,-0.3928206035462084,2021-01-08,cloudy,-55.28810212764696,2021,1,8,1,0,0
489,-0.6343220936809636,-0.3627411659871381,0.3024718977397814,2021-02-14,sunny,-34.73780482769981,2021,2,14,0,0,1
476,0.0439955114439887,-0.3174622171600719,-0.6992152790869743,2021-02-12,sunny,-5.9494846811254085,2021,2,12,0,0,1
947,1.3257079593243717,-0.3419822776840522,-0.7557507604402671,2021-03-27,sunny,72.1494647165407,2021,3,27,0,0,1
492,-0.7917565156434644,-0.2680097833981119,-1.3629409472080096,2021-02-14,cloudy,-102.04949647560586,2021,2,14,1,0,0
621,0.3750199198201532,-0.0823436467913521,-2.2636603010358085,2021-02-25,cloudy,-98.39981831912712,2021,2,25,1,0,0
186,-0.8779706165358702,1.2961498675278833,0.8709617821716196,2021-01-17,cloudy,-7.379343290635524,2021,1,17,1,0,0
203,0.3731747182525781,1.0826722820910646,-1.3946796415926757,2021-01-19,sunny,-77.39936287625903,2021,1,19,0,0,1
258,-0.5911831037644297,-0.6677202863593994,-0.8376780419079453,2021-01-24,rainy,-133.10403407220502,2021,1,24,0,1,0
689,1.068509399316009,-0.4533858038513876,1.659550796189872,2021-03-04,sunny,161.51246267714097,2021,3,4,0,0,1
377,1.4226047489690348,1.9612269893650156,0.9659361184597012,2021-02-03,sunny,171.38784113621762,2021,2,3,0,0,1
922,1.0479721559680528,0.2842796708072146,0.4986902749098275,2021-03-24,sunny,41.872543936538406,2021,3,24,0,0,1
207,-1.2142172813593393,-0.8751547489139164,1.242493912818471,2021-01-19,cloudy,-15.181209511474872,2021,1,19,1,0,0
514,-0.4668455460527625,-1.4169061131262597,0.2699043549407613,2021-02-16,sunny,-54.73906700976428,2021,2,16,0,0,1
86,1.3480357804247187,0.9076987979878988,0.0498572665998226,2021-01-08,cloudy,148.46379448247765,2021,1,8,1,0,0
38,-0.1884490821300682,-1.1758349879382288,0.6530372834064285,2021-01-04,rainy,10.732732774915526,2021,1,4,0,1,0
949,-1.157017280815868,0.7706730544633433,0.192863955550386,2021-03-27,cloudy,-73.17955562936152,2021,3,27,1,0,0
849,0.5462718669437655,-1.0980979603625587,0.8123335893418311,2021-03-18,cloudy,109.97813656360458,2021,3,18,1,0,0
413,-0.500409667304264,0.2528035054191545,-1.1949868052686603,2021-02-07,sunny,-69.82467518597669,2021,2,7,0,0,1
541,-0.1358098426436865,1.0222103545858243,-0.8886452830916367,2021-02-18,cloudy,-102.40868745633097,2021,2,18,1,0,0
921,-1.4723229284664896,0.9132019242521776,-0.4003488150134234,2021-03-24,cloudy,-72.78567390605765,2021,3,24,1,0,0
989,-0.1265693316393898,-0.3634377801160514,-1.6641729851661735,2021-03-31,rainy,-113.29200290125254,2021,3,31,0,1,0
815,0.9760375253689256,-1.5569339325092606,0.2228583231034867,2021-03-15,sunny,100.47547018141344,2021,3,15,0,0,1
308,1.499491490138763,0.1058346436167786,-0.5541312470844857,2021-01-28,sunny,76.80254336231876,2021,1,28,0,0,1
785,-0.5854312042777726,-0.2616454457109007,-1.2796891732042397,2021-03-12,cloudy,-125.6528276674558,2021,3,12,1,0,0
972,0.0175156132782183,0.3236257646091187,-0.709854182146104,2021-03-29,sunny,-57.484693047241095,2021,3,29,0,0,1
473,2.320799839280298,0.1170908721554419,-1.0985707275553296,2021-02-12,cloudy,82.6592137044127,2021,2,12,1,0,0
25,0.4770680923568652,-0.3559514930468063,-0.968082117664578,2021-01-03,sunny,11.17314177397423,2021,1,3,0,0,1
988,1.193611680749198,-0.0981612112059305,-0.1540723984248353,2021-03-30,rainy,40.06606668337366,2021,3,30,0,1,0
495,0.1387452512901793,-1.274319367734417,0.8366359871577495,2021-02-14,cloudy,56.056164093744464,2021,2,14,1,0,0
173,1.702570152241791,0.0676342300669197,0.1897026120799957,2021-01-16,cloudy,129.82808099642253,2021,1,16,1,0,0
509,-0.55512634549445,-0.1724823171069609,0.891364106352944,2021-02-15,sunny,113.53411341740168,2021,2,15,0,0,1
133,0.651781261700616,0.0014710002454108,0.3382254736851153,2021-01-12,sunny,17.01998461012934,2021,1,12,0,0,1
243,0.4183980113091925,0.4355461592956536,1.4333525028819918,2021-01-22,sunny,155.95655876160453,2021,1,22,0,0,1
97,0.377910101738475,1.3243587499958391,-0.1682142227670741,2021-01-09,cloudy,15.278362289687744,2021,1,9,1,0,0
867,-1.4484668632479882,-1.5727964525481732,-0.0572811997905153,2021-03-20,cloudy,-132.10822091990306,2021,3,20,1,0,0
382,1.5470314969908443,-0.060287533639119,0.2125870464375366,2021-02-04,sunny,138.0412264854599,2021,2,4,0,0,1
432,-0.524939422913999,0.2744169952820086,1.9013400518481125,2021-02-08,rainy,50.4719231751552,2021,2,8,0,1,0
913,0.5129168468277764,-2.5412388076882246,0.8906716814313947,2021-03-24,sunny,149.58858091374913,2021,3,24,0,0,1
101,-1.5500141893581478,-0.4558253477993688,1.648504010268179,2021-01-10,sunny,-56.34436724809794,2021,1,10,0,0,1
488,-0.6701258977272965,-0.0603624943923386,0.5541275783267697,2021-02-13,cloudy,9.17356054040431,2021,2,13,1,0,0
405,-0.061743301457901,-0.4468362536626212,1.5480668013787386,2021-02-06,cloudy,136.75884604551496,2021,2,6,1,0,0
238,0.5822245913979243,-2.0946030712061448,0.929505111479528,2021-01-22,sunny,118.91010956274845,2021,1,22,0,0,1
576,0.4968931448384696,-0.665041618158691,0.52162522724034,2021-02-21,cloudy,63.48351983743736,2021,2,21,1,0,0
398,1.494079073157606,-0.2051582637658008,0.3336743273742668,2021-02-05,cloudy,132.5076588295723,2021,2,5,1,0,0
822,0.5391612741141966,0.08617684238012,0.1005812087289631,2021-03-15,rainy,93.52990690270708,2021,3,15,0,1,0
132,1.1411018666575734,1.4665787155741776,0.8579239242923363,2021-01-12,sunny,118.0242668239271,2021,1,12,0,0,1
549,0.6021634895760638,0.8732730483007036,0.197853309567153,2021-02-19,sunny,57.09919957746055,2021,2,19,0,0,1
522,-1.1791579306376878,1.3014280716647608,-1.567767724308454,2021-02-16,sunny,-204.8298713595384,2021,2,16,0,0,1
889,-0.8688625468659522,0.6563907508593024,-0.2527106720416067,2021-03-22,cloudy,-54.154249868316064,2021,3,22,1,0,0
634,0.0076174983181581,0.886864686582761,0.8962484253561593,2021-02-27,sunny,96.1246032637793,2021,2,27,0,0,1
685,-0.9179843060046156,-0.6518564999305905,0.2462227612764322,2021-03-03,rainy,-23.401350215181395,2021,3,3,0,1,0
845,-0.9669310884567346,-1.7317313464679265,0.5922056816440394,2021-03-18,sunny,-56.8413100846684,2021,3,18,0,0,1
64,-0.8076484876163557,-1.446534699563388,-0.1850536710093415,2021-01-06,cloudy,-20.336586645803408,2021,1,6,1,0,0
912,-0.9962126403710662,-1.217938511593151,1.034409886481518,2021-03-24,rainy,-12.431988555352934,2021,3,24,0,1,0
345,2.2436018945826404,-1.4227949086263427,-1.5824944779817585,2021-02-01,rainy,120.62616292344627,2021,2,1,0,1,0
483,0.4497121002319925,-0.0672756089229817,0.2256086544711038,2021-02-13,sunny,91.16367575841238,2021,2,13,0,0,1
197,0.3890939688657205,1.1710410646204883,1.4737648151384048,2021-01-18,sunny,112.32753728653032,2021,1,18,0,0,1
455,-0.2918373627478628,-0.7614922118116233,-1.6164741886510323,2021-02-10,sunny,-139.92593598424327,2021,2,10,0,0,1
324,0.555786964082873,0.0103493145662993,-0.7657021944780863,2021-01-30,sunny,48.41584094947261,2021,1,30,0,0,1
718,-1.607320159234058,-0.9659538588418696,0.0638961916501782,2021-03-06,rainy,-154.20170142474268,2021,3,6,0,1,0
306,0.4663795743819788,-0.0943925064111849,-0.4772862704032293,2021-01-28,sunny,45.05518636509457,2021,1,28,0,0,1
945,0.5213037482757137,0.6119271927311578,1.4893559620744805,2021-03-27,sunny,159.34130234390165,2021,3,27,0,0,1
695,2.451229719075076,-0.21120598363152,0.7086952731104266,2021-03-04,sunny,261.5124285363063,2021,3,4,0,0,1
543,-1.4059629162678993,-0.5900576458695397,0.2381031478323121,2021-02-18,cloudy,-191.8160760622436,2021,2,18,1,0,0
70,0.5043435751629946,-1.1439806995987405,0.4043143433289911,2021-01-07,sunny,89.35817106273322,2021,1,7,0,0,1
967,-1.951804101481602,-0.659891729729498,1.133079879559722,2021-03-29,cloudy,-41.0277014061861,2021,3,29,1,0,0
131,0.6941287081378864,-0.3287276927366078,0.1532884691324239,2021-01-12,sunny,99.36889369851474,2021,1,12,0,0,1
205,0.2400569292967187,0.1001594080906234,-0.1590122515543593,2021-01-19,rainy,-12.009800618559224,2021,1,19,0,1,0
792,0.349654456993174,-0.764143923906443,0.5785214977288784,2021-03-13,rainy,211.28060324930988,2021,3,13,0,1,0
535,-0.4487670131054991,-1.7441877565539552,-0.7214312955717558,2021-02-18,cloudy,-83.6275052941166,2021,2,18,1,0,0
598,0.0210620213420636,0.0994544570307117,0.1725044164928659,2021-02-23,cloudy,17.950402033160945,2021,2,23,1,0,0
960,0.9423143082769668,-2.0051254266521483,1.959562005205768,2021-03-28,cloudy,227.771709322856,2021,3,28,1,0,0
907,2.594424587768152,-0.4040322938509371,-1.5415873996717877,2021-03-23,sunny,71.17477514567688,2021,3,23,0,0,1
814,1.3645318481024713,-0.6894491845499376,-1.4377914738015785,2021-03-15,sunny,108.54498799981025,2021,3,15,0,0,1
52,1.9677296821430457,0.4476832157426563,-0.2240923670629287,2021-01-05,sunny,129.42361682346873,2021,1,5,0,0,1
329,0.405204080322888,0.4980524046828567,0.9409176145751134,2021-01-30,cloudy,56.014934297361314,2021,1,30,1,0,0
204,0.2509981160083239,1.0547579251802828,-0.1778131437030125,2021-01-19,cloudy,-7.831871888607727,2021,1,19,1,0,0
722,-0.7097851001194992,0.704642720749891,-1.2493385148615423,2021-03-06,sunny,-147.9218891708966,2021,3,6,0,0,1
977,0.1052321370592758,-0.0916594081003831,0.2382001920220386,2021-03-29,sunny,1.959666685702114,2021,3,29,0,0,1
290,-1.3467175057975551,0.6937731526901325,-1.3342584714027534,2021-01-27,sunny,-160.18342194852164,2021,1,27,0,0,1
484,1.0450233755026903,0.5990395263761841,0.2711127964467149,2021-02-13,sunny,100.67260665599883,2021,2,13,0,0,1
389,-0.4535531009087746,-0.9916283583780208,-0.4174294563419882,2021-02-05,sunny,-29.5264024517121,2021,2,5,0,0,1
823,-1.3965352375731572,-0.7594954904290641,0.7550496802558879,2021-03-16,sunny,-2.310055648231483,2021,3,16,0,0,1
57,-2.3536403996904136,-1.0051444309566715,0.8183537308271613,2021-01-06,sunny,-102.4562018993445,2021,1,6,0,0,1
225,-1.6553440383096778,0.1536444608156663,1.3674149824601585,2021-01-21,sunny,-101.28599801428534,2021,1,21,0,0,1
499,0.4656624397304598,-1.5362436862772235,0.9008264869541872,2021-02-14,cloudy,105.34294251233688,2021,2,14,1,0,0
773,-0.7113063597427886,-0.3881541924822496,-0.3249349583204991,2021-03-11,rainy,-71.59739786338737,2021,3,11,0,1,0
285,-1.962732009140752,1.584820527349018,-0.8963697225521802,2021-01-26,sunny,-216.14368956919645,2021,1,26,0,0,1
76,-0.8935744023141913,-0.1560238909972873,-0.7199405321418947,2021-01-07,sunny,-72.31645384639029,2021,1,7,0,0,1
637,-2.8345545052747023,2.116791021483676,-0.6564636749715315,2021-02-27,cloudy,-129.95255962646036,2021,2,27,1,0,0
408,-1.4513384981910251,0.0218573582198713,-0.922823314996828,2021-02-06,sunny,-162.52274512285385,2021,2,6,0,0,1
458,0.1965574007287849,0.3547576931132181,-0.7290446587946957,2021-02-11,rainy,5.805835341500089,2021,2,11,0,1,0
999,-0.2756705345605569,-0.7097279658468882,-0.5394546333745014,2021-03-31,cloudy,-50.931246139792215,2021,3,31,1,0,0
295,0.3792355335355867,-0.4700328827008748,0.3517801106813583,2021-01-27,sunny,-5.159939976499729,2021,1,27,0,0,1
602,1.4099521383961462,-1.3698595019529425,-1.8491307272754511,2021-02-24,cloudy,8.195525256720392,2021,2,24,1,0,0
754,-0.3010947865234137,0.5369879144563616,-0.4796230150738065,2021-03-09,sunny,-108.6003693088428,2021,3,9,0,0,1
855,1.7858704939058352,0.1269120927036199,0.0105000207208204,2021-03-18,rainy,160.77597481578258,2021,3,18,0,1,0
19,1.2466951408944356,0.7006801090936924,0.2028810444426216,2021-01-02,cloudy,74.71041008255816,2021,1,2,1,0,0
563,-0.5175190425104033,-0.97882985935877,-0.0506035409616658,2021-02-20,cloudy,-52.190481369135945,2021,2,20,1,0,0
16,-0.0156821116025547,0.1609281682982229,0.339964983801262,2021-01-02,rainy,16.521610431966412,2021,1,2,0,1,0
248,2.5263682403559984,1.7699213881967335,-1.4956795162570162,2021-01-23,cloudy,81.2389811877595,2021,1,23,1,0,0
958,1.2980219723262212,2.69622405256358,1.1002843382203735,2021-03-28,rainy,203.48388026308064,2021,3,28,0,1,0
135,0.8253722320875148,-0.2983231689958337,-0.2693897784512403,2021-01-13,sunny,19.7968474225069,2021,1,13,0,0,1
505,1.3363861823227936,-0.120041122096108,-0.496608209729517,2021-02-15,sunny,112.82827704814828,2021,2,15,0,0,1
326,0.8809375610809715,1.8081318105789757,-2.994612860227619,2021-01-30,sunny,-104.93135646430838,2021,1,30,0,0,1
725,0.4092949966409553,-0.4190819928078221,0.5165074442817594,2021-03-07,sunny,17.78121596470048,2021,3,7,0,0,1
506,1.5190032799361457,0.7837444936747278,0.1066522945030321,2021-02-15,sunny,143.10235160935883,2021,2,15,0,0,1
555,0.4005306845987061,-0.857702623046894,1.1036939574621505,2021-02-19,rainy,146.916934871731,2021,2,19,0,1,0
854,-0.510805137568873,-1.180632184122412,0.386902497859262,2021-03-18,sunny,-21.733625570525668,2021,3,18,0,0,1
629,-1.212515744488909,-0.0805985161501254,-0.1924042077959067,2021-02-26,sunny,-25.99713521280829,2021,2,26,0,0,1
303,0.89896739458806,0.5108748218924175,-0.4870914317118235,2021-01-28,cloudy,66.74544857133726,2021,1,28,1,0,0
493,-2.7396771671895563,-0.5693120534701851,0.9430460873225178,2021-02-14,cloudy,-160.23255434875762,2021,2,14,1,0,0
806,-0.8383111556987011,0.5614499095511267,0.1360312173743767,2021-03-14,rainy,-91.98294687406045,2021,3,14,0,1,0
474,1.7123052213432963,-0.79211502056515,-1.0974966547702447,2021-02-12,sunny,41.93425541925225,2021,2,12,0,0,1
615,-1.5799305296711237,-2.832011869908987,-0.0636614887895494,2021-02-25,cloudy,-161.3015070405962,2021,2,25,1,0,0
321,-0.8721583977708226,1.1767869623838638,0.4655891908949305,2021-01-29,rainy,-27.8924387789148,2021,1,29,0,1,0
653,0.8927081528737002,-0.4736040569636581,-0.4533374321385169,2021-02-28,sunny,10.149905428923432,2021,2,28,0,0,1
338,1.8831506970562544,-1.3477590611424464,0.4019893634447016,2021-01-31,cloudy,184.6057984669985,2021,1,31,1,0,0
103,1.336235090812621,1.3423536912579532,-0.897409503631337,2021-01-10,sunny,-13.966892521795245,2021,1,10,0,0,1
532,-0.0921121146919559,1.3554427025944182,0.0312675470275694,2021-02-17,rainy,4.904130393680983,2021,2,17,0,1,0
96,1.037585667050634,0.0187917917742578,1.3925184494342724,2021-01-09,sunny,80.60731446761845,2021,1,9,0,0,1
244,1.3852615467222305,-0.3030982534240727,0.7243685048699644,2021-01-22,rainy,178.57912341632553,2021,1,22,0,1,0
157,0.8024563957963952,0.947251967773748,-0.2680033709513804,2021-01-15,cloudy,40.27852621941557,2021,1,15,1,0,0
376,0.9364457258311158,-0.0350951768696703,2.132153410570444,2021-02-03,rainy,166.3354540547592,2021,2,3,0,1,0
486,-1.631219507653533,-0.3014723148616932,-0.860509747109608,2021-02-13,sunny,-198.44937293567568,2021,2,13,0,0,1
469,0.0992048625315024,1.5762989726277177,-0.5375833685580619,2021-02-12,sunny,-47.44384606295843,2021,2,12,0,0,1
342,0.3791517355550818,2.259308950690852,-0.0170204138614405,2021-01-31,sunny,-10.299184918093989,2021,1,31,0,0,1
148,0.0330897511387602,-0.8541612608143545,-0.5992242774597194,2021-01-14,rainy,-9.725266697458128,2021,1,14,0,1,0
846,-0.779923248925003,0.0890762024965633,0.2446103613294719,2021-03-18,cloudy,-29.15859912005771,2021,3,18,1,0,0
356,-0.8859664820409529,0.4008856791041211,1.279812020628022,2021-02-02,rainy,-23.132958979450727,2021,2,2,0,1,0
74,0.17462957781357,0.982326983800298,-1.003265756903889,2021-01-07,rainy,-35.940979691554865,2021,1,7,0,1,0
929,-0.8570781886711647,0.6774621693464117,-1.0431294980353556,2021-03-25,sunny,-139.91761350526494,2021,3,25,0,0,1
232,-1.0793431660249952,-0.1142255514501802,-0.2467935577887517,2021-01-21,sunny,-35.3150409371679,2021,1,21,0,0,1
158,-1.2785138405206862,-1.044816319379857,-1.1644484538704645,2021-01-15,cloudy,-124.600409761116,2021,1,15,1,0,0
284,-0.223426112194696,2.464321933515365,0.3424273512868276,2021-01-26,cloudy,20.12399155930409,2021,1,26,1,0,0
32,-1.3159074105115212,-0.461584604814709,1.117016288095853,2021-01-03,cloudy,12.631057570015583,2021,1,3,1,0,0
592,0.4768983689222224,0.148449581380078,-1.3414967255830426,2021-02-23,sunny,-103.5333825942995,2021,2,23,0,0,1
583,-1.2012015190173893,0.5232617386880769,-0.7554627263656334,2021-02-22,sunny,-163.18077103729746,2021,2,22,0,0,1
586,0.8220763567971378,-0.213215236871821,0.6639650755262219,2021-02-22,cloudy,124.93790784901276,2021,2,22,1,0,0
974,-0.5247419549622203,-1.3852775837671982,0.8883388619968426,2021-03-29,cloudy,60.43291391487016,2021,3,29,1,0,0
129,-0.1066526736602251,-0.4932143871104978,0.4869373049399326,2021-01-12,sunny,46.867869319408285,2021,1,12,0,0,1
72,2.3466470305265617,-1.2791611070282582,-0.8047537406378693,2021-01-07,cloudy,71.456342588799,2021,1,7,1,0,0
881,0.4502888306473442,-0.8840147297480861,-0.3310106034017459,2021-03-21,cloudy,-25.24249560361929,2021,3,21,1,0,0
686,-1.4902653879072982,1.496139636951632,-0.8228283242942818,2021-03-03,sunny,-19.62866298610868,2021,3,3,0,0,1
667,0.5727513668572158,0.6775570335877171,-0.4310963375107571,2021-03-02,sunny,28.623351360059743,2021,3,2,0,0,1
779,-1.844701163628046,-0.3611131347398661,0.0137484873355336,2021-03-12,rainy,-125.97526169486147,2021,3,12,0,1,0
704,2.171164949318166,0.6620742889997063,0.101407146668211,2021-03-05,sunny,228.26864677434523,2021,3,5,0,0,1
297,-0.5963140384505081,-0.0525672962695462,-0.5068163542986875,2021-01-27,sunny,-28.86968009753965,2021,1,27,0,0,1
821,-0.2008085139956655,-0.998848796095368,2.6805708407690005,2021-03-15,cloudy,145.74134378045352,2021,3,15,1,0,0
255,0.3562928174722889,-1.7685384506770307,0.7666631816450861,2021-01-23,sunny,57.44281095193679,2021,1,23,0,0,1
387,1.5363770542457975,0.2863436888922795,-0.6920498477843912,2021-02-04,rainy,132.1752594118821,2021,2,4,0,1,0
193,-0.7699160744453164,0.5392491912918173,0.4074618362411104,2021-01-18,sunny,7.465003536328666,2021,1,18,0,0,1
395,-0.5480871874725356,1.6531498325653209,-0.6890484294179713,2021-02-05,sunny,-52.37235428987378,2021,2,5,0,0,1
896,0.3861663770983691,0.1008670632573117,-0.6993179409720909,2021-03-22,rainy,-21.08198276900404,2021,3,22,0,1,0
466,-0.5895799225452156,-2.1789315201949093,-0.9768953867353252,2021-02-11,sunny,-12.663553724740568,2021,2,11,0,0,1
684,0.0186273706613554,1.0543249749040775,-1.5639046348397665,2021-03-03,cloudy,-85.60587345470456,2021,3,3,1,0,0
600,0.6450552734598769,1.011842432994189,-0.5324899192090677,2021-02-24,rainy,37.52451501546732,2021,2,24,0,1,0
166,-0.6250273906846713,-0.3903926939855081,0.7540956636562427,2021-01-15,sunny,-23.03746588774448,2021,1,15,0,0,1
758,-0.7772280421551344,-0.3000035769377952,1.6295000432323286,2021-03-10,sunny,52.3966998098995,2021,3,10,0,0,1
392,-1.3751844793172407,0.5009922321799466,-2.53455446208423,2021-02-05,cloudy,-294.2126561423485,2021,2,5,1,0,0
237,0.8820565993630106,-1.252593341503319,-0.7727718829782021,2021-01-22,rainy,45.07566262470561,2021,1,22,0,1,0
81,0.4140913537935951,-0.5072344618949226,1.042977594646376,2021-01-08,rainy,91.23416682291612,2021,1,8,0,1,0
585,-0.2127402802139687,-0.8954665611936756,-1.6138978475579515,2021-02-22,rainy,-75.91473406364362,2021,2,22,0,1,0
902,1.3124703671409963,-0.8589723884443423,-0.8974009269018305,2021-03-23,rainy,48.77694667062163,2021,3,23,0,1,0
743,0.3389041252159445,2.021043561484797,0.2790957643924534,2021-03-08,sunny,55.717118762228,2021,3,8,0,0,1
607,-0.1573052882805656,0.2762398520199737,-0.0379070611841362,2021-02-24,cloudy,-74.66987921287173,2021,2,24,1,0,0
12,0.5707885293815738,1.5427963382930518,-0.9448701973880108,2021-01-02,cloudy,56.93167941339158,2021,1,2,1,0,0
185,-0.7075056975105769,0.0397667345864951,0.6705704503109099,2021-01-17,sunny,25.26332620401401,2021,1,17,0,0,1
45,-1.630002651023709,-2.7196793643226145,0.4080746493461687,2021-01-05,cloudy,-179.13518343049935,2021,1,5,1,0,0
968,-1.016738648609769,-0.1147753247707981,0.2273927751211284,2021-03-29,sunny,-111.5576316391194,2021,3,29,0,0,1
196,0.8449956030008372,-0.675593827630063,-0.5070347697653375,2021-01-18,cloudy,25.38175034518513,2021,1,18,1,0,0
102,-1.0117740841054883,0.0849681370377076,-0.8391241905992737,2021-01-10,sunny,-92.6932577780856,2021,1,10,0,0,1
169,0.2891205052788121,0.4128708204461747,0.2407875097419384,2021-01-16,sunny,45.83811634187476,2021,1,16,0,0,1
817,-0.237921729736007,-1.4240609089825316,-0.5973160689653627,2021-03-15,sunny,-14.633485861083663,2021,3,15,0,0,1
808,1.3891453156779274,2.014060154918468,0.2255816635688035,2021-03-14,sunny,104.53811017051912,2021,3,14,0,0,1
168,-0.8958157604108271,0.5483281304979799,-0.5896320419510298,2021-01-16,sunny,-33.22274755721891,2021,1,16,0,0,1
875,0.3257996136406255,0.1247695210432124,0.7130162297109377,2021-03-20,sunny,39.400791573848096,2021,3,20,0,0,1
184,1.0223923224420697,-0.4982116185861096,0.4447813624072502,2021-01-17,sunny,197.04841107058377,2021,1,17,0,0,1
850,-0.0368835308450669,1.269764750314304,0.0305465810406168,2021-03-18,sunny,101.009481648324,2021,3,18,0,0,1
172,1.8958891760305832,1.1787795711596507,1.4882521937955997,2021-01-16,cloudy,263.74311942753286,2021,1,16,1,0,0
262,-0.2242589342516403,-0.30224973045507,-0.3820089555778202,2021-01-24,rainy,-69.26890099029933,2021,1,24,0,1,0
275,0.3903649435086224,1.5885306910975323,0.2431682154024917,2021-01-25,rainy,121.79813574902032,2021,1,25,0,1,0
966,0.4470241568856782,0.1057199954671549,-0.4630217541090509,2021-03-28,sunny,42.64808887631273,2021,3,28,0,0,1
349,-0.2566501354804808,-0.0384766582389533,0.6559244113725019,2021-02-01,cloudy,16.85614201206284,2021,2,1,1,0,0
171,-0.3355806435831669,1.896182228633144,-0.7846874114294452,2021-01-16,cloudy,-110.6926108072204,2021,1,16,1,0,0
776,-0.008209882269614,-0.522619416398478,-0.3265609776792077,2021-03-11,cloudy,13.663625579034722,2021,3,11,1,0,0
410,0.852829768274368,0.6695623405090826,-0.6354304386192672,2021-02-06,sunny,-8.416080995737282,2021,2,6,0,0,1
659,-1.1183119243216322,-0.1310540115414123,-0.8056265075393678,2021-03-01,sunny,-177.7227520405086,2021,3,1,0,0,1
668,0.6265642507453606,-1.5579985281833963,0.038908705856215,2021-03-02,cloudy,16.628497127749622,2021,3,2,1,0,0
22,0.1743730487015256,-2.19368335169466,-0.0132502679340266,2021-01-02,sunny,2.541994733124177,2021,1,2,0,0,1
665,0.2258404786026901,-0.5494985463040403,0.9605572244572284,2021-03-01,sunny,132.83533469921235,2021,3,1,0,0,1
24,0.0941923003101465,-1.1476109448431353,-0.1983988968200457,2021-01-03,sunny,80.2688926361311,2021,1,3,0,0,1
396,-0.2082851030949963,1.5743712374755716,1.8022422297905472,2021-02-05,sunny,66.84551257516208,2021,2,5,0,0,1
384,1.821915097860406,-0.0756504705884228,-0.1304397337833273,2021-02-04,cloudy,166.52280662346476,2021,2,4,1,0,0
507,1.344074374673427,0.5000166958573026,-0.0111356273406671,2021-02-15,sunny,143.12072342594982,2021,2,15,0,0,1
788,0.5365965205668235,0.4046954556143003,0.6164593126261553,2021-03-12,sunny,102.89500762991452,2021,3,12,0,0,1
75,-0.3550287310553741,-1.8923618933173412,-0.3004787855854223,2021-01-07,cloudy,-73.1484607082911,2021,1,7,1,0,0
291,1.7746585609733332,-0.3931531947541128,-0.4080147090398969,2021-01-27,cloudy,72.02217569695817,2021,1,27,1,0,0
861,0.4790952240982286,-0.7781835214561222,1.0390964403783929,2021-03-19,cloudy,133.30220326451678,2021,3,19,1,0,0
582,-0.7826291558275251,-0.1103892990268877,-0.9646120137337284,2021-02-22,cloudy,-136.95612725047178,2021,2,22,1,0,0
540,-0.5986539369229861,-1.1158969859603944,0.852551939461232,2021-02-18,sunny,-44.04000491036816,2021,2,18,0,0,1
304,-0.0100564718690145,1.2380069359584398,0.7574683300614039,2021-01-28,sunny,127.7888057591858,2021,1,28,0,0,1
560,0.1927289964997268,0.6964386733914393,0.436638474629293,2021-02-20,rainy,-42.47476552647417,2021,2,20,0,1,0
951,-0.757870860425166,-0.050084094284822,-0.0414008115579674,2021-03-27,rainy,-128.8353445440425,2021,3,27,0,1,0
156,0.6191549216054889,-1.874313496741068,0.7393045331330262,2021-01-15,sunny,161.29039965960146,2021,1,15,0,0,1
394,0.1508182063325938,-0.2554707861877694,0.5456573234700275,2021-02-05,sunny,-1.9601094532554484,2021,2,5,0,0,1
957,-0.3328117648522096,0.4804244961177867,0.5684589189242769,2021-03-28,sunny,-5.4118570955405385,2021,3,28,0,0,1
729,2.303916697683942,-1.0600158227215473,-0.4810271184607877,2021-03-07,cloudy,105.17678718846736,2021,3,7,1,0,0
636,-1.184686590411552,0.9606933984606596,-0.5215796779933731,2021-02-27,sunny,-85.63040175418453,2021,2,27,0,0,1
623,1.2674116548186567,0.4994982334686594,0.5249178636458827,2021-02-26,sunny,110.4667479144922,2021,2,26,0,0,1
94,-0.4015575444993436,-0.4684760446797231,-1.348424319121701,2021-01-09,sunny,-161.00062070416377,2021,1,9,0,0,1
934,-0.5225785415319466,-0.307131720158684,-0.3440456288496253,2021-03-26,cloudy,-59.067490274455295,2021,3,26,1,0,0
213,-0.2675947462353477,-0.6780257815644504,0.9424681192203938,2021-01-20,cloudy,-10.768371353533963,2021,1,20,1,0,0
760,0.0164914869808645,-1.221776334694772,-1.0966017470927192,2021-03-10,sunny,2.2306569373548517,2021,3,10,0,0,1
920,-0.0883755231991549,0.0983779068154756,0.2224631640086067,2021-03-24,rainy,12.573944689035237,2021,3,24,0,1,0
112,0.3818240096193838,0.3982960861974925,-0.935127209437544,2021-01-11,cloudy,33.67080868060597,2021,1,11,1,0,0
699,0.1774261422537528,-0.4017809362082619,-1.7262826023316769,2021-03-04,cloudy,-96.93324253065654,2021,3,4,1,0,0
612,0.8202478373246812,0.4631303293186071,-1.054628463985014,2021-02-25,sunny,41.80289596686446,2021,2,25,0,0,1
352,-0.1151074684872267,0.4574156062209908,0.8758327615873309,2021-02-01,cloudy,19.87348192348841,2021,2,1,1,0,0
217,-0.807554041549866,-0.7421521616503846,-0.1894179288117906,2021-01-20,sunny,-69.0073605553601,2021,1,20,0,0,1
296,0.0561653422297454,-1.1651498407833565,-0.3115525321273726,2021-01-27,sunny,-39.07445600215058,2021,1,27,0,0,1
287,0.4561530358270553,-0.3575790319685979,1.1997361764150378,2021-01-26,sunny,122.7089743398441,2021,1,26,0,0,1
998,-0.2821958766904351,-1.1582031851840289,0.2837695543833455,2021-03-31,sunny,19.150731878463557,2021,3,31,0,0,1
964,1.1641517662249663,-0.2322940071865973,0.5953003076922928,2021-03-28,sunny,-29.93456207782387,2021,3,28,0,0,1
991,0.2467660239799705,1.5259575608848084,-0.6958351193495473,2021-03-31,sunny,6.7730881852196845,2021,3,31,0,0,1
141,-1.8297404110045317,0.0370057219101495,0.453781912635684,2021-01-13,sunny,-44.18538233795554,2021,1,13,0,0,1
529,-0.7263658321861022,-0.172458596681457,1.0044191922616248,2021-02-17,cloudy,-1.551200731663707,2021,2,17,1,0,0
827,-0.5216965249478154,0.7776072813422404,0.8303860053403918,2021-03-16,sunny,6.522360975570649,2021,3,16,0,0,1
127,0.7591566751082341,0.1005642030971629,0.2073340460456898,2021-01-12,sunny,71.86052760357714,2021,1,12,0,0,1
545,-0.7999136231406647,-0.2200757798203556,-0.0599280026710906,2021-02-19,rainy,-74.8339355204203,2021,2,19,0,1,0
906,0.4595849048340562,0.2800578600376801,-2.123890018045559,2021-03-23,cloudy,-107.48072718066946,2021,3,23,1,0,0
